id,album_info,album_name,album_num,album_type,album_update,album_url,model_name
1,Y287,《有毒》,44,1,2019-09-13,https://www.yalayi.com/gallery/319.html,雅辛
2,Y291,《半生缘相见》,45,1,2019-09-12,https://www.yalayi.com/gallery/323.html,乔妹儿
3,Y296,《婷婷袅袅》,42,1,2019-09-11,https://www.yalayi.com/gallery/328.html,沈美美
4,Y238,《一抹红映晴》,42,1,2019-09-10,https://www.yalayi.com/gallery/263.html,钟晴
5,Y224,《绝色阳光》,45,1,2019-09-09,https://www.yalayi.com/gallery/249.html,仓儿
6,Y233,《爱囚》,40,1,2019-09-06,https://www.yalayi.com/gallery/258.html,天蓝酱
7,Y217,《欲火》,45,1,2019-09-05,https://www.yalayi.com/gallery/242.html,项兴咏
8,Y265,《旧情》,42,1,2019-09-04,https://www.yalayi.com/gallery/297.html,刘开心
9,Y260,《微光》,43,1,2019-09-03,https://www.yalayi.com/gallery/285.html,楚薇
10,Y256,《人间失格》,45,1,2019-09-02,https://www.yalayi.com/gallery/281.html,天蓝酱
11,Y071,《邂逅》,44,1,2019-08-30,https://www.yalayi.com/gallery/106.html,吧啦吧啦jin
12,Y269,《如梦亦幻》,43,1,2019-08-29,https://www.yalayi.com/gallery/301.html,张萌
13,Y089,《同一个童话》,40,1,2019-08-28,https://www.yalayi.com/gallery/124.html,刘小美
14,Y275,《霓虹》,40,1,2019-08-27,https://www.yalayi.com/gallery/307.html,抖抖儿
15,Y218,《独角戏》,61,1,2019-08-26,https://www.yalayi.com/gallery/243.html,仓儿
16,Y213,《空床》,34,1,2019-08-23,https://www.yalayi.com/gallery/238.html,赵舒儿
17,Y193,《完美丝人》,49,1,2019-08-22,https://www.yalayi.com/gallery/218.html,钟晴
18,Y159,《亦幻亦真》,47,1,2019-08-21,https://www.yalayi.com/gallery/184.html,佳佳
19,Y232,《少女的早餐》,44,1,2019-08-20,https://www.yalayi.com/gallery/257.html,小杨
20,Y128,《港女》,45,1,2019-08-19,https://www.yalayi.com/gallery/153.html,李诗雨
21,Y126,《舞寂》,41,1,2019-08-16,https://www.yalayi.com/gallery/151.html,肖萧
22,Y195,《相思夜》,41,1,2019-08-15,https://www.yalayi.com/gallery/220.html,夏夏
23,Y163,《丝丝念念》,41,1,2019-08-14,https://www.yalayi.com/gallery/188.html,嫣然
24,Y097,《体育日》,43,1,2019-08-13,https://www.yalayi.com/gallery/132.html,小米
25,Y137,《林中花》,42,1,2019-08-12,https://www.yalayi.com/gallery/162.html,宁小祥
26,Y161,《隐隐的柔情》,49,1,2019-08-09,https://www.yalayi.com/gallery/186.html,佳佳
27,Y114,《双面伊人》,40,1,2019-08-08,https://www.yalayi.com/gallery/139.html,琳琳琛琛
28,Y184,《葡萄熟了》,36,1,2019-08-07,https://www.yalayi.com/gallery/209.html,娇子
29,Y200,《密室》,42,1,2019-08-06,https://www.yalayi.com/gallery/225.html,钟晴
30,Y173,《紫色星辰》,55,1,2019-08-05,https://www.yalayi.com/gallery/198.html,李颖惠惠
31,Y073,《隐形病症》,39,1,2019-08-02,https://www.yalayi.com/gallery/108.html,Pigpig女孩
32,Y168,《画中伊人》,46,1,2019-08-01,https://www.yalayi.com/gallery/193.html,项兴咏
33,Y140,《日清和室》,40,1,2019-07-31,https://www.yalayi.com/gallery/165.html,张雨青
34,Y153,《长腿女郎》,47,1,2019-07-30,https://www.yalayi.com/gallery/178.html,颖莹
35,Y226,《窈窕淑女》,37,1,2019-07-27,https://www.yalayi.com/gallery/251.html,仙女不会灰
36,Y190,《情趣盎然》,41,1,2019-07-27,https://www.yalayi.com/gallery/215.html,宝儿
37,Y079,《最好》,35,1,2019-07-27,https://www.yalayi.com/gallery/114.html,灵儿小不点
38,Y152,《亲爱的同居女友》,50,1,2019-07-27,https://www.yalayi.com/gallery/177.html,张雨青
39,Y203,《休闲假日》,43,1,2019-07-27,https://www.yalayi.com/gallery/228.html,钟晴
40,Y148,《青春的梦》,47,1,2019-07-25,https://www.yalayi.com/gallery/173.html,Toki
41,Y202,《夜光》,60,1,2019-07-24,https://www.yalayi.com/gallery/227.html,圆圆
42,Y192,《赏雪》,47,1,2019-07-23,https://www.yalayi.com/gallery/217.html,团团
43,Y117,《夏日小清新》,46,1,2019-07-22,https://www.yalayi.com/gallery/142.html,白日梦
44,Y144,《浴湿不挂》,37,1,2019-07-19,https://www.yalayi.com/gallery/169.html,嫣然
45,Y219,《半糖洛丽塔》,43,1,2019-07-18,https://www.yalayi.com/gallery/244.html,刘开心
46,Y239,《大弓女》,40,1,2019-07-17,https://www.yalayi.com/gallery/264.html,籹籹溪
47,Y263,《啦啦队之歌》,44,1,2019-07-16,https://www.yalayi.com/gallery/288.html,沫沫
48,Y237,《淑质艳光》,44,1,2019-07-15,https://www.yalayi.com/gallery/262.html,楚薇
49,Y251,《小兔子乖乖》,41,1,2019-07-11,https://www.yalayi.com/gallery/276.html,阿橙
50,Y259,《美人如玉》,44,1,2019-07-10,https://www.yalayi.com/gallery/284.html,温蒂
51,Y267,《鸢》,40,1,2019-07-09,https://www.yalayi.com/gallery/299.html,抖抖儿
52,Y264,《波点女孩儿》,43,1,2019-07-08,https://www.yalayi.com/gallery/296.html,乔妹儿
53,Y247,《独孤》,45,1,2019-07-05,https://www.yalayi.com/gallery/272.html,徐雅熙
54,Y255,《款款情深》,43,1,2019-07-04,https://www.yalayi.com/gallery/280.html,乔妹儿
55,Y229,《小清新》,41,1,2019-07-03,https://www.yalayi.com/gallery/254.html,文慧慧
56,Y240,《黑蝴蝶》,41,1,2019-07-02,https://www.yalayi.com/gallery/265.html,宝儿
57,Y228,《紫纱》,41,1,2019-07-01,https://www.yalayi.com/gallery/253.html,心怡
58,Y143,《黑咖啡》,52,1,2019-06-28,https://www.yalayi.com/gallery/168.html,颖莹
59,Y183,《深山漫步少女》,48,1,2019-06-26,https://www.yalayi.com/gallery/208.html,阿惜
60,Y222,《如花似玉》,40,1,2019-06-25,https://www.yalayi.com/gallery/247.html,阿惜
61,Y242,《一往情深》,41,1,2019-06-24,https://www.yalayi.com/gallery/267.html,王艺颖
62,Y154,《圣诞女皇》,45,1,2019-06-21,https://www.yalayi.com/gallery/179.html,凉儿
63,Y248,《金发少女》,43,1,2019-06-21,https://www.yalayi.com/gallery/273.html,米奇
64,Y234,《柠檬树》,35,1,2019-06-20,https://www.yalayi.com/gallery/259.html,张萌
65,Y198,《重庆森林》,42,1,2019-06-19,https://www.yalayi.com/gallery/223.html,阿惜
66,Y241,《短袜柿子》,48,1,2019-06-18,https://www.yalayi.com/gallery/266.html,赵雪晴
67,Y211,《挡不住的风情》,58,1,2019-06-17,https://www.yalayi.com/gallery/236.html,项兴咏
68,Y254,《娇兰佳人》,41,1,2019-06-14,https://www.yalayi.com/gallery/279.html,沫沫
69,Y220,《等候》,43,1,2019-06-13,https://www.yalayi.com/gallery/245.html,吴小蹈
70,Y212,《白色星期六》,64,1,2019-06-12,https://www.yalayi.com/gallery/237.html,吴小蹈
71,Y249,《看着你玩》,52,1,2019-06-11,https://www.yalayi.com/gallery/274.html,刘开心
72,Y207,《田园春梦》,43,1,2019-06-10,https://www.yalayi.com/gallery/232.html,佳佳
73,Y230,《红蜘蛛》,40,1,2019-06-07,https://www.yalayi.com/gallery/255.html,巧巧
74,Y231,《贤妻》,51,1,2019-06-06,https://www.yalayi.com/gallery/256.html,吴小蹈
75,Y227,《蓝月》,47,1,2019-06-05,https://www.yalayi.com/gallery/252.html,项兴咏
76,Y215,《思春少女》,41,1,2019-06-04,https://www.yalayi.com/gallery/240.html,和风
77,Y146,《喵女郎》,44,1,2019-05-31,https://www.yalayi.com/gallery/171.html,陈奕菲
78,Y205,《薄荷味》,46,1,2019-05-30,https://www.yalayi.com/gallery/230.html,水水酱
79,Y209,《温柔的你》,48,1,2019-05-29,https://www.yalayi.com/gallery/234.html,白日梦
80,Y216,《小情调》,48,1,2019-05-28,https://www.yalayi.com/gallery/241.html,钟晴
81,Y181,《窃窃丝语》,44,1,2019-05-27,https://www.yalayi.com/gallery/206.html,佳佳
82,Y188,《蕾丝浅笑》,45,1,2019-05-24,https://www.yalayi.com/gallery/213.html,佳佳
83,Y182,《温柔香》,57,1,2019-05-23,https://www.yalayi.com/gallery/207.html,雪梨姬
84,Y199,《花儿小姐》,47,1,2019-05-21,https://www.yalayi.com/gallery/224.html,雪梨姬
85,Y167,《和风御姐》,40,1,2019-05-20,https://www.yalayi.com/gallery/192.html,木子
86,Y194,《仙乐飘飘》,46,1,2019-05-17,https://www.yalayi.com/gallery/219.html,阿惜
87,Y196,《瘾》,45,1,2019-05-16,https://www.yalayi.com/gallery/221.html,王艺颖
88,Y176,《心梦》,53,1,2019-05-15,https://www.yalayi.com/gallery/201.html,佳佳
89,Y187,《盼兮》,44,1,2019-05-14,https://www.yalayi.com/gallery/212.html,王艺颖
90,Y171,《玫瑰》,42,1,2019-05-13,https://www.yalayi.com/gallery/196.html,刘潇潇
91,Y274,《芳华》,40,1,2019-05-11,https://www.yalayi.com/gallery/306.html,喜儿
92,Y189,《青涩岁月》,39,1,2019-05-10,https://www.yalayi.com/gallery/214.html,阿惜
93,Y088,《紫色情迷》,41,1,2019-05-09,https://www.yalayi.com/gallery/123.html,香香橙子
94,Y165,《香粉佳人》,48,1,2019-05-08,https://www.yalayi.com/gallery/190.html,佳佳
95,Y180,《我想有个花园》,49,1,2019-05-07,https://www.yalayi.com/gallery/205.html,白日梦
96,Y174,《自渡人》,40,1,2019-05-03,https://www.yalayi.com/gallery/199.html,巧巧
97,Y191,《轻舞飞扬》,57,1,2019-05-02,https://www.yalayi.com/gallery/216.html,米粒米粒
98,Y179,《焦糖色少女》,40,1,2019-05-01,https://www.yalayi.com/gallery/204.html,阿惜
99,Y162,《轻奢主义》,57,1,2019-04-30,https://www.yalayi.com/gallery/187.html,静静
100,Y160,《薄紗少女》,43,1,2019-04-29,https://www.yalayi.com/gallery/185.html,夏夏
101,Y098,《洁白的你》,39,1,2019-04-26,https://www.yalayi.com/gallery/133.html,香香橙子
102,Y175,《不如和我虚度时光》,47,1,2019-04-25,https://www.yalayi.com/gallery/200.html,白日梦
103,Y164,《烈焰迷情》,46,1,2019-04-24,https://www.yalayi.com/gallery/189.html,项兴咏
104,Y147,《等》,55,1,2019-04-22,https://www.yalayi.com/gallery/172.html,奥莉
105,Y141,《护士姐姐》,44,1,2019-04-21,https://www.yalayi.com/gallery/166.html,颖莹
106,Y166,《异国风情》,43,1,2019-04-20,https://www.yalayi.com/gallery/191.html,Regina
107,Y083,《沉默寡言》,38,1,2019-04-19,https://www.yalayi.com/gallery/118.html,莹莹
108,Y157,《童话》,69,1,2019-04-18,https://www.yalayi.com/gallery/182.html,凉儿
109,Y150,《橘色的暖阳花》,65,1,2019-04-17,https://www.yalayi.com/gallery/175.html,凉儿
110,Y158,《独白》,46,1,2019-04-16,https://www.yalayi.com/gallery/183.html,卡柔
111,Y120,《与时光的嬉戏》,36,1,2019-04-15,https://www.yalayi.com/gallery/145.html,香香橙子
112,Y246,《樱花樱花想见你》,53,1,2019-04-15,https://www.yalayi.com/gallery/271.html,团团
113,Y145,《花心》,48,1,2019-04-12,https://www.yalayi.com/gallery/170.html,陈奕菲
114,Y122,《黑色禁地》,42,1,2019-04-11,https://www.yalayi.com/gallery/147.html,熏儿
115,Y151,《旅行日记》,40,1,2019-04-10,https://www.yalayi.com/gallery/176.html,毛毛
116,Y149,《违禁》,42,1,2019-04-09,https://www.yalayi.com/gallery/174.html,蓉蓉
117,Y138,《粉黛少女》,47,1,2019-04-05,https://www.yalayi.com/gallery/163.html,李诗雨
118,Y139,《花样年华》,40,1,2019-04-04,https://www.yalayi.com/gallery/164.html,陈奕菲
119,Y127,《一日》,40,1,2019-04-03,https://www.yalayi.com/gallery/152.html,塔塔
120,Y142,《情迷爱人》,46,1,2019-04-02,https://www.yalayi.com/gallery/167.html,Regina
121,Y113,《追梦》,43,1,2019-04-01,https://www.yalayi.com/gallery/138.html,倩微微
122,Y094,《花房姑娘》,48,1,2019-03-29,https://www.yalayi.com/gallery/129.html,热莎莎
123,Y118,《废墟之光》,50,1,2019-03-28,https://www.yalayi.com/gallery/143.html,宁小祥
124,Y099,《粉色系少女私房》,58,1,2019-03-27,https://www.yalayi.com/gallery/134.html,倩微微
125,Y119,《糖味》,40,1,2019-03-26,https://www.yalayi.com/gallery/144.html,牵着猫的妹子
126,Y096,《灰色渐白》,41,1,2019-03-25,https://www.yalayi.com/gallery/131.html,塔塔
127,Y075,《孤独她呀》,40,1,2019-03-24,https://www.yalayi.com/gallery/110.html,灵儿小不点
128,Y062,《Z》,45,1,2019-03-22,https://www.yalayi.com/gallery/97.html,吧啦吧啦jin
129,Y086,《花仙子》,42,1,2019-03-21,https://www.yalayi.com/gallery/121.html,热莎莎
130,Y042,《迷幻》,47,1,2019-03-18,https://www.yalayi.com/gallery/77.html,李颖惠惠
131,Y040,《浮光掠影，半梦半醒》,42,1,2019-03-18,https://www.yalayi.com/gallery/75.html,塔塔
132,Y039,《茶艺女孩》,45,1,2019-03-17,https://www.yalayi.com/gallery/74.html,叶肖肖
133,Y046,《洛丽塔》,40,1,2019-03-16,https://www.yalayi.com/gallery/81.html,阳阳
134,Y049,《玫瑰色的你》,37,1,2019-03-15,https://www.yalayi.com/gallery/84.html,严冰冰
135,Y057,《信》,49,1,2019-03-13,https://www.yalayi.com/gallery/92.html,严冰冰
136,Y058,《幻象气球》,51,1,2019-03-12,https://www.yalayi.com/gallery/93.html,小杨
137,Y074,《小黑猫》,44,1,2019-03-11,https://www.yalayi.com/gallery/109.html,蘑菇DVA
138,Y085,《光》,41,1,2019-03-05,https://www.yalayi.com/gallery/120.html,李木木
139,Y077,《美丽如你》,38,1,2019-03-04,https://www.yalayi.com/gallery/112.html,静静
140,Y091,《欲之与魚》,40,1,2019-03-03,https://www.yalayi.com/gallery/126.html,李晗
141,Y063,《早晨》,55,1,2019-03-03,https://www.yalayi.com/gallery/98.html,小杨
142,Y078,《任朝暮》,42,1,2019-03-02,https://www.yalayi.com/gallery/113.html,泡芙
143,Y048,《秋日丝语》,40,1,2019-03-01,https://www.yalayi.com/gallery/83.html,叶肖肖
144,Y082,《绿喜青花》,39,1,2019-02-28,https://www.yalayi.com/gallery/117.html,Doubleyu
145,Y069,《梦露》,42,1,2019-02-27,https://www.yalayi.com/gallery/104.html,牵着猫的妹子
146,Y070,《泡沫之夏》,46,1,2019-02-26,https://www.yalayi.com/gallery/105.html,Pigpig女孩
147,Y038,《无声演奏》,38,1,2019-02-25,https://www.yalayi.com/gallery/73.html,塔塔
148,Y050,《如野》,54,1,2019-02-24,https://www.yalayi.com/gallery/85.html,莉莉
149,Y100,《暗房》,40,1,2019-02-24,https://www.yalayi.com/gallery/135.html,李晗
150,Y087,《灯暖衣轻》,42,1,2019-02-21,https://www.yalayi.com/gallery/122.html,肖萧
151,Y081,《雨后晴空》,51,1,2019-02-20,https://www.yalayi.com/gallery/116.html,公主小兔子
152,Y084,《淤青》,48,1,2019-02-19,https://www.yalayi.com/gallery/119.html,公主小兔子
153,Y059,《亮了》,50,1,2019-02-18,https://www.yalayi.com/gallery/94.html,周艳林
154,Y080,《你是大海》,41,1,2019-02-18,https://www.yalayi.com/gallery/115.html,泡芙
155,Y076,《可爱女仆》,46,1,2019-02-16,https://www.yalayi.com/gallery/111.html,公主小兔子
156,Y095,《窥视》,40,1,2019-02-11,https://www.yalayi.com/gallery/130.html,小灰
157,Y054,《吃鸡少女》,44,1,2019-02-11,https://www.yalayi.com/gallery/89.html,蘑菇
158,Y047,《夕》,42,1,2019-01-21,https://www.yalayi.com/gallery/82.html,李颖惠惠
159,Y060,《童话故事》,44,1,2019-01-07,https://www.yalayi.com/gallery/95.html,蘑菇DVA
160,Y029,《纯粹之心》,42,1,2019-01-02,https://www.yalayi.com/gallery/62.html,卡柔
161,Y027,《校园邂逅》,41,1,2019-01-01,https://www.yalayi.com/gallery/60.html,卡柔
162,Y056,《光明的幻象》,43,1,2018-12-31,https://www.yalayi.com/gallery/91.html,悠悠酱
163,Y156,《带我走带我飞》,59,1,2018-12-31,https://www.yalayi.com/gallery/181.html,米粒米粒
164,Y020,《纯情学妹》,40,1,2018-12-28,https://www.yalayi.com/gallery/52.html,严冰冰
165,Y024,《夏日时光》,40,1,2018-12-27,https://www.yalayi.com/gallery/57.html,王小淼
166,Y034,《初见》,48,1,2018-12-27,https://www.yalayi.com/gallery/69.html,卡柔
167,Y033,《堕落天使》,37,1,2018-12-26,https://www.yalayi.com/gallery/68.html,多香子
168,Y155,《等2》,46,1,2018-12-25,https://www.yalayi.com/gallery/180.html,奥莉
169,Y019,《滚床单的诱惑》,43,1,2018-12-25,https://www.yalayi.com/gallery/49.html,严冰冰
170,Y018,《水嫩红颜》,41,1,2018-12-21,https://www.yalayi.com/gallery/47.html,严冰冰
171,Y030,《条纹黑丝美腿》,40,1,2018-12-20,https://www.yalayi.com/gallery/65.html,兔洱
172,Y016,《和服之韵》,35,1,2018-12-19,https://www.yalayi.com/gallery/45.html,沈紫云
173,Y028,《禁欲系旗袍》,40,1,2018-12-12,https://www.yalayi.com/gallery/61.html,兔洱
174,Y022,《私房物语》,40,1,2018-12-11,https://www.yalayi.com/gallery/55.html,严冰冰
175,Y021,《少女女仆》,41,1,2018-12-10,https://www.yalayi.com/gallery/54.html,严冰冰
176,Y136,《夕阳下的和风少女》,45,1,2018-12-04,https://www.yalayi.com/gallery/161.html,静静
177,Y025,《醉在红酒杯里》,41,1,2018-12-04,https://www.yalayi.com/gallery/58.html,王小淼
178,Y134,《嬉水浴室》,42,1,2018-11-30,https://www.yalayi.com/gallery/159.html,小灰
179,Y133,《深山原野》,41,1,2018-11-29,https://www.yalayi.com/gallery/158.html,熏儿
180,Y132,《当我看着你的时候》,50,1,2018-11-28,https://www.yalayi.com/gallery/157.html,和风
181,Y131,《游街》,63,1,2018-11-27,https://www.yalayi.com/gallery/156.html,米粒米粒
182,Y130,《逃离出梦境》,40,1,2018-11-26,https://www.yalayi.com/gallery/155.html,熏儿
183,Y032,《和服女优》,39,1,2018-11-25,https://www.yalayi.com/gallery/67.html,多香子
184,Y026,《花儿少女》,39,1,2018-11-25,https://www.yalayi.com/gallery/59.html,兔洱
185,Y031,"《周末时光 》",32,1,2018-11-24,https://www.yalayi.com/gallery/66.html,兔洱
186,Y129,《异域风情少女》,46,1,2018-11-23,https://www.yalayi.com/gallery/154.html,小小兔
187,Y125,《兔儿御姐》,46,1,2018-11-19,https://www.yalayi.com/gallery/150.html,和风
188,Y017,《心蕊的蕾丝私房》,39,1,2018-11-16,https://www.yalayi.com/gallery/46.html,米心蕊
189,Y124,《邻家小姐姐》,44,1,2018-11-16,https://www.yalayi.com/gallery/149.html,和风
190,Y123,《瘾少女》,40,1,2018-11-15,https://www.yalayi.com/gallery/148.html,牵着猫的妹子
191,Y023,《性感情趣学院风》,38,1,2018-11-12,https://www.yalayi.com/gallery/56.html,兔洱
192,Y116,《我在等你》,60,1,2018-11-06,https://www.yalayi.com/gallery/141.html,倩微微
193,Y112,《森系私房》,45,1,2018-10-31,https://www.yalayi.com/gallery/137.html,和风
194,Y013,《阳光下的裸腿单车》,94,1,2018-10-25,https://www.yalayi.com/gallery/42.html,木晓雨
195,Y012,《韵味美腿丽人》,33,1,2018-10-20,https://www.yalayi.com/gallery/41.html,沈紫云
196,Y093,《蓝色恋人》,37,1,2018-10-19,https://www.yalayi.com/gallery/128.html,伊伊小仙女
197,Y092,《窗下》,39,1,2018-10-18,https://www.yalayi.com/gallery/127.html,李颖惠惠
198,Y066,《梦中人》,55,1,2018-09-07,https://www.yalayi.com/gallery/101.html,娜娜
199,Y043,《美好是你》,43,1,2018-08-08,https://www.yalayi.com/gallery/78.html,薛艺涵
200,Y037,《午后阳光》,41,1,2018-08-01,https://www.yalayi.com/gallery/72.html,饰媛
201,Y036,《小美好》,35,1,2018-07-31,https://www.yalayi.com/gallery/71.html,阳阳
202,Y035,《下雨天你在思念谁》,38,1,2018-07-30,https://www.yalayi.com/gallery/70.html,饰媛
203,Y010,《可爱啦啦队服》,66,1,2018-06-14,https://www.yalayi.com/gallery/39.html,木晓雨
204,Y009,《小珂日常》,53,1,2018-06-10,https://www.yalayi.com/gallery/34.html,林小珂
205,Y008,《睡衣私房》,34,1,2018-06-08,https://www.yalayi.com/gallery/32.html,艾妮妮
206,Y007,《魅惑舞裙》,45,1,2018-06-07,https://www.yalayi.com/gallery/31.html,林小珂
207,Y006,《乐园女孩肖肖》,60,1,2018-06-06,https://www.yalayi.com/gallery/30.html,叶肖肖
208,Y005,《民国女孩肖肖》,51,1,2018-06-04,https://www.yalayi.com/gallery/28.html,叶肖肖
209,Y004,《古装肉丝》,46,1,2018-06-03,https://www.yalayi.com/gallery/27.html,林小珂
210,Y003,《小公主的薄纱裙》,35,1,2018-06-01,https://www.yalayi.com/gallery/25.html,公主小兔子
211,Y002,《妮妮的黑丝诱惑》,36,1,2018-05-26,https://www.yalayi.com/gallery/19.html,艾妮妮
212,Y001,《恋上你的床》,44,1,2018-05-25,https://www.yalayi.com/gallery/18.html,公主小兔子
485,Y268,《丝袜是秘密武器》,40,2,2019-05-05,https://www.yalayi.com/gallery/300.html,沫沫
484,Y272,《妃子笑》,43,2,2019-05-07,https://www.yalayi.com/gallery/304.html,心怡
483,Y271,《小日子》,40,2,2019-05-08,https://www.yalayi.com/gallery/303.html,奈奈酱
482,Y273,《千娇百媚》,44,2,2019-05-09,https://www.yalayi.com/gallery/305.html,顾盼兮
481,Y270,《沙发靓女》,53,2,2019-05-10,https://www.yalayi.com/gallery/302.html,可颐
480,Y276,《80後》,41,2,2019-05-13,https://www.yalayi.com/gallery/308.html,雅辛
479,Y277,《大床房》,30,2,2019-05-14,https://www.yalayi.com/gallery/309.html,可颐
478,Y278,《红装素裹》,43,2,2019-05-15,https://www.yalayi.com/gallery/310.html,徐雅熙
477,Y279,《那我可以抱你吗》,42,2,2019-05-16,https://www.yalayi.com/gallery/311.html,温蒂
476,Y280,《盛夏的果实》,53,2,2019-05-17,https://www.yalayi.com/gallery/312.html,小竹
475,Y281,《你的样子》,44,2,2019-05-18,https://www.yalayi.com/gallery/313.html,楚薇
474,Y282,《双眸点绛唇》,56,2,2019-05-19,https://www.yalayi.com/gallery/314.html,楚薇
473,Y283,《书香》,48,2,2019-05-20,https://www.yalayi.com/gallery/315.html,慧儿
472,Y284,《牛仔的诱惑》,42,2,2019-05-21,https://www.yalayi.com/gallery/316.html,雅辛
471,Y285,《勾股定律》,47,2,2019-05-22,https://www.yalayi.com/gallery/317.html,沫沫
470,Y286,《维纳斯》,42,2,2019-05-23,https://www.yalayi.com/gallery/318.html,沈美美
469,Y288,《欲盖弥彰》,50,2,2019-05-25,https://www.yalayi.com/gallery/320.html,沫沫
468,Y289,《白羽丽人》,41,2,2019-05-26,https://www.yalayi.com/gallery/321.html,宝儿
467,Y290,《娇艳欲滴》,45,2,2019-05-27,https://www.yalayi.com/gallery/322.html,心怡
466,Y292,《说不出的感觉》,41,2,2019-05-29,https://www.yalayi.com/gallery/324.html,沈美美
465,Y293,《佛系少女》,42,2,2019-05-30,https://www.yalayi.com/gallery/325.html,宝儿
464,Y294,《时趣》,47,2,2019-05-31,https://www.yalayi.com/gallery/326.html,温蒂
463,Y295,《释放》,40,2,2019-06-01,https://www.yalayi.com/gallery/327.html,张萌
462,Y297,《无言》,39,2,2019-06-03,https://www.yalayi.com/gallery/329.html,木子
461,Y298,《老师的假日》,48,2,2019-06-04,https://www.yalayi.com/gallery/330.html,顾盼兮
460,Y299,《香蜜》,49,2,2019-06-05,https://www.yalayi.com/gallery/331.html,凉儿
459,Y300,《一笑千金》,50,2,2019-06-06,https://www.yalayi.com/gallery/332.html,米奇
458,Y302,《挣扎中自我救赎》,43,2,2019-06-07,https://www.yalayi.com/gallery/334.html,小竹
457,Y301,《角落里》,41,2,2019-06-08,https://www.yalayi.com/gallery/333.html,芷琳
456,Y303,《花仙》,43,2,2019-06-09,https://www.yalayi.com/gallery/335.html,花儿
455,Y304,《裹着它》,42,2,2019-06-10,https://www.yalayi.com/gallery/336.html,慧儿
454,Y305,《暖房》,52,2,2019-06-11,https://www.yalayi.com/gallery/337.html,凉儿
453,Y306,《我为卿狂》,42,2,2019-06-12,https://www.yalayi.com/gallery/338.html,和风
452,Y307,《闪亮女孩》,42,2,2019-06-13,https://www.yalayi.com/gallery/339.html,圈圈
451,Y308,《蓝色房子》,40,2,2019-06-14,https://www.yalayi.com/gallery/340.html,蓝心
450,Y309,《夜来香》,51,2,2019-06-15,https://www.yalayi.com/gallery/341.html,和风
449,Y310,《听风》,44,2,2019-06-16,https://www.yalayi.com/gallery/342.html,白璐
448,Y311,《花蝴蝶》,46,2,2019-06-17,https://www.yalayi.com/gallery/343.html,高若童
447,Y312,《私人》,48,2,2019-06-18,https://www.yalayi.com/gallery/344.html,芷琳
446,Y313,《甜》,39,2,2019-06-19,https://www.yalayi.com/gallery/345.html,肖霄
445,Y314,《一寸光影》,47,2,2019-06-20,https://www.yalayi.com/gallery/346.html,米奇
444,Y315,《夏日蜜语》,40,2,2019-06-21,https://www.yalayi.com/gallery/347.html,圈圈
443,Y316,《叫她起床》,48,2,2019-06-22,https://www.yalayi.com/gallery/348.html,高若童
442,Y317,《魔镜魔镜告诉我》,39,2,2019-06-23,https://www.yalayi.com/gallery/349.html,凉儿
441,Y318,《午后时光》,53,2,2019-06-24,https://www.yalayi.com/gallery/350.html,念念
440,Y319,《红梅香》,47,2,2019-06-25,https://www.yalayi.com/gallery/351.html,舒小小
439,Y320,《少女与玫瑰》,45,2,2019-06-26,https://www.yalayi.com/gallery/352.html,高若童
438,Y321,《阴天日记》,42,2,2019-06-27,https://www.yalayi.com/gallery/353.html,念念
437,Y322,《女白领的私生活1》,42,2,2019-06-28,https://www.yalayi.com/gallery/354.html,何嘉颖
436,Y323,《女白领的私生活2》,39,2,2019-06-29,https://www.yalayi.com/gallery/355.html,何嘉颖
435,Y324,《银狐》,44,2,2019-06-30,https://www.yalayi.com/gallery/356.html,楚薇
434,Y325,《夜半私语》,40,2,2019-07-01,https://www.yalayi.com/gallery/357.html,婼茹
433,Y326,《和你》,59,2,2019-07-02,https://www.yalayi.com/gallery/358.html,念念
432,Y327,《粉色恋爱季》,43,2,2019-07-03,https://www.yalayi.com/gallery/359.html,高若童
431,Y328,《头号女友》,41,2,2019-07-04,https://www.yalayi.com/gallery/360.html,慧儿
430,Y329,《关于你》,46,2,2019-07-05,https://www.yalayi.com/gallery/361.html,米奇
429,Y330,《假日出行》,52,2,2019-07-06,https://www.yalayi.com/gallery/362.html,洋儿
428,Y331,《醉红颜》,43,2,2019-07-07,https://www.yalayi.com/gallery/363.html,慧儿
427,Y332,《宅物语》,41,2,2019-07-08,https://www.yalayi.com/gallery/364.html,舒小小
426,Y333,《海的味道》,38,2,2019-07-09,https://www.yalayi.com/gallery/365.html,晓琪
425,Y334,《浪漫满屋》,44,2,2019-07-10,https://www.yalayi.com/gallery/366.html,高若童
424,Y335,《斑马斑马》,46,2,2019-07-11,https://www.yalayi.com/gallery/367.html,俞青青
423,Y336,《余波荡漾》,39,2,2019-07-12,https://www.yalayi.com/gallery/368.html,晓琪
422,Y337,《翠不能言更可人》,45,2,2019-07-13,https://www.yalayi.com/gallery/369.html,荔子
421,Y338,《你笑起来真好看》,42,2,2019-07-14,https://www.yalayi.com/gallery/370.html,俞青青
420,Y339,《假日》,48,2,2019-07-15,https://www.yalayi.com/gallery/371.html,洋儿
419,Y340,《氧气女孩》,45,2,2019-07-16,https://www.yalayi.com/gallery/372.html,阿橙
418,Y341,《海生花》,45,2,2019-07-17,https://www.yalayi.com/gallery/373.html,米奇
417,Y342,《与她的夏日恋爱》,40,2,2019-07-18,https://www.yalayi.com/gallery/374.html,暄暄
416,Y343,《蓝色情书》,40,2,2019-07-19,https://www.yalayi.com/gallery/375.html,心怡
415,Y344,《情绪断片》,42,2,2019-07-20,https://www.yalayi.com/gallery/376.html,荔子
414,Y345,《慵懒双人床》,39,2,2019-07-21,https://www.yalayi.com/gallery/377.html,晓琪
413,Y346,《紫苏》,41,2,2019-07-22,https://www.yalayi.com/gallery/378.html,俞青青
412,Y347,《失眠夜》,40,2,2019-07-23,https://www.yalayi.com/gallery/386.html,圈圈
411,Y348,《假日3》,44,2,2019-07-24,https://www.yalayi.com/gallery/382.html,洋儿
410,Y349,《清纯学生妹》,74,2,2019-07-25,https://www.yalayi.com/gallery/385.html,西子
409,Y350,《情绪挑拨》,47,2,2019-07-26,https://www.yalayi.com/gallery/381.html,荔子
408,Y351,《黑夜女神》,41,2,2019-07-27,https://www.yalayi.com/gallery/379.html,米奇
407,Y353,《软玉温香》,43,2,2019-07-29,https://www.yalayi.com/gallery/388.html,香草
406,Y354,《向往的生活》,41,2,2019-07-30,https://www.yalayi.com/gallery/389.html,朵朵
405,Y355,《轻熟女》,43,2,2019-07-31,https://www.yalayi.com/gallery/390.html,黄乐然
404,Y356,《蓝精灵》,49,2,2019-08-01,https://www.yalayi.com/gallery/391.html,西子
403,Y357,《我的高达女友》,43,2,2019-08-02,https://www.yalayi.com/gallery/380.html,阿橙
402,Y358,《半岛铁盒》,43,2,2019-08-03,https://www.yalayi.com/gallery/392.html,米奇
401,Y359,《俏丽佳人》,38,2,2019-08-04,https://www.yalayi.com/gallery/393.html,舒小小
400,Y360,《出水芙蓉》,43,2,2019-08-05,https://www.yalayi.com/gallery/394.html,丽雅
399,Y361,《Elegant》,49,2,2019-08-06,https://www.yalayi.com/gallery/395.html,项兴咏
398,Y362,《图书馆精灵》,41,2,2019-08-07,https://www.yalayi.com/gallery/396.html,蓉蓉
397,Y363,《女白领的私房照》,46,2,2019-08-08,https://www.yalayi.com/gallery/397.html,何嘉颖
396,Y364,《池中戏水》,44,2,2019-08-09,https://www.yalayi.com/gallery/399.html,黄乐然
395,Y365,《情关难解》,40,2,2019-08-10,https://www.yalayi.com/gallery/400.html,晓琪
394,Y366,《红尘有你》,48,2,2019-08-11,https://www.yalayi.com/gallery/402.html,美萱
393,Y367,《独宠娇妻》,43,2,2019-08-12,https://www.yalayi.com/gallery/404.html,夜夜
392,Y368,《梦醒时分》,50,2,2019-08-13,https://www.yalayi.com/gallery/403.html,图雅
391,Y369,《一双白袜子》,42,2,2019-08-14,https://www.yalayi.com/gallery/401.html,阿橙
390,Y370,《萌宠养成》,51,2,2019-08-15,https://www.yalayi.com/gallery/398.html,西子
389,Y371,《魅惑女王》,43,2,2019-08-16,https://www.yalayi.com/gallery/407.html,黄乐然
388,Y372,《撕开向日葵》,41,2,2019-08-17,https://www.yalayi.com/gallery/406.html,蓉蓉
387,Y373,《可爱女人》,50,2,2019-08-18,https://www.yalayi.com/gallery/405.html,何嘉颖
386,Y374,《心动的信号》,53,2,2019-08-19,https://www.yalayi.com/gallery/414.html,高若童
385,Y375,《轻抚你》,41,2,2019-08-20,https://www.yalayi.com/gallery/415.html,图雅
384,Y376,《超级索尼子》,40,2,2019-08-21,https://www.yalayi.com/gallery/416.html,妮子
383,Y377,《异域丝情》,45,2,2019-08-22,https://www.yalayi.com/gallery/417.html,刘子炀
382,Y378,《天台上的丝语》,42,2,2019-08-23,https://www.yalayi.com/gallery/418.html,丽雅
381,Y379,《霹雳娇娃》,55,2,2019-08-24,https://www.yalayi.com/gallery/419.html,西子
380,Y380,《透过渔网看你》,41,2,2019-08-25,https://www.yalayi.com/gallery/420.html,美萱
379,Y381,《红与黑》,60,2,2019-08-27,https://www.yalayi.com/gallery/421.html,芊芊
378,Y382,《音乐系的旗袍女孩》,53,2,2019-08-27,https://www.yalayi.com/gallery/422.html,纹纹
377,Y383,《无形诱惑》,40,2,2019-08-28,https://www.yalayi.com/gallery/423.html,瑶瑶
376,Y384,《爱丽丝》,42,2,2019-08-29,https://www.yalayi.com/gallery/424.html,艾丽
375,Y385,《青苹果成熟时》,47,2,2019-08-30,https://www.yalayi.com/gallery/425.html,晓琪
374,Y386,《新办公室职员》,46,2,2019-08-31,https://www.yalayi.com/gallery/426.html,刘子炀
373,Y387,《毕业季》,44,2,2019-09-01,https://www.yalayi.com/gallery/428.html,白璐
372,Y388,《闺房记乐》,55,2,2019-09-02,https://www.yalayi.com/gallery/429.html,佳佳
371,Y389,《睡美人》,48,2,2019-09-03,https://www.yalayi.com/gallery/427.html,何嘉颖
370,Y390,《禁断领域》,41,2,2019-09-04,https://www.yalayi.com/gallery/430.html,慧儿
369,Y391,《撩拨》,50,2,2019-09-05,https://www.yalayi.com/gallery/432.html,静儿
368,Y392,《笑颜如花》,51,2,2019-09-06,https://www.yalayi.com/gallery/431.html,纹纹
367,Y393,《丝情袜意》,57,2,2019-09-07,https://www.yalayi.com/gallery/434.html,佳佳
366,Y394,《情深深》,43,2,2019-09-08,https://www.yalayi.com/gallery/433.html,加奈
365,Y395,《可爱如你》,41,2,2019-09-09,https://www.yalayi.com/gallery/436.html,含嫣
364,Y396,《少女心事》,43,2,2019-09-10,https://www.yalayi.com/gallery/441.html,朵朵
363,Y397,《念念又不忘》,44,2,2019-09-11,https://www.yalayi.com/gallery/437.html,小小
362,Y398,《如雪如霜》,45,2,2019-09-12,https://www.yalayi.com/gallery/439.html,刘子炀
361,Y399,《似海酷雪如水》,50,2,2019-09-13,https://www.yalayi.com/gallery/438.html,西子
486,Y261,《自画像》,49,2,2019-04-29,https://www.yalayi.com/gallery/286.html,顾盼兮
487,Y258,《卯兔夜夜》,43,2,2019-04-27,https://www.yalayi.com/gallery/283.html,夜夜
488,Y257,《满园春色》,43,2,2019-04-25,https://www.yalayi.com/gallery/282.html,心怡
489,Y252,《白蔷薇》,42,2,2019-04-21,https://www.yalayi.com/gallery/277.html,徐雅熙
490,Y245,《无关痛痒》,45,2,2019-04-14,https://www.yalayi.com/gallery/270.html,小米
491,Y244,《肌肤之亲》,44,2,2019-04-13,https://www.yalayi.com/gallery/269.html,钟晴
492,Y236,《桃色香居》,41,2,2019-04-06,https://www.yalayi.com/gallery/261.html,奈奈酱
493,Y235,《万种风情》,45,2,2019-04-05,https://www.yalayi.com/gallery/260.html,赵雪晴
494,Y225,《婉若游龙》,56,2,2019-03-26,https://www.yalayi.com/gallery/250.html,楚薇
495,Y223,《香闺美人》,40,2,2019-03-24,https://www.yalayi.com/gallery/248.html,籹籹仔
496,Y221,《极品秘书》,41,2,2019-03-22,https://www.yalayi.com/gallery/246.html,娇子
497,Y214,《春光无限》,46,2,2019-03-15,https://www.yalayi.com/gallery/239.html,楚薇
498,Y208,《闺房》,44,2,2019-03-11,https://www.yalayi.com/gallery/233.html,水月沙子
499,Y204,《美味厨娘》,40,2,2019-03-06,https://www.yalayi.com/gallery/229.html,小琉
500,Y201,《龙猫睡衣》,41,2,2019-03-02,https://www.yalayi.com/gallery/226.html,小琉
501,Y186,《人间不值得》,38,2,2019-02-15,https://www.yalayi.com/gallery/211.html,赵舒儿
502,Y170,《花非花》,44,2,2019-01-18,https://www.yalayi.com/gallery/195.html,林林子酱
503,Y169,《暗香美人》,41,2,2019-01-17,https://www.yalayi.com/gallery/194.html,籹籹仔
504,Y135,《丝房里的情话》,36,2,2018-12-03,https://www.yalayi.com/gallery/160.html,点点
505,Y115,《念念不忘》,44,2,2018-11-05,https://www.yalayi.com/gallery/140.html,小米
506,Y111,《无色》,41,2,2018-10-30,https://www.yalayi.com/gallery/136.html,熏儿
507,Y090,《喜爱日蒲》,33,2,2018-10-16,https://www.yalayi.com/gallery/125.html,热莎莎
508,Y052,《被遗忘的房间》,42,2,2018-08-20,https://www.yalayi.com/gallery/87.html,李颖惠惠
509,Y185,《你是我手里那束花》,49,4,2019-05-07,https://www.yalayi.com/gallery/210.html,仙女不会灰
510,Y177,《草莓妹妹》,42,4,2019-05-06,https://www.yalayi.com/gallery/202.html,宝儿
511,Y206,《芬芳》,44,4,2019-03-08,https://www.yalayi.com/gallery/231.html,钟晴
512,Y053,《要有光》,52,4,2019-02-23,https://www.yalayi.com/gallery/88.html,严冰冰
513,Y044,《遗落红紗》,42,4,2018-08-09,https://www.yalayi.com/gallery/79.html,赵欣怡
514,Y041,《花系少女》,39,4,2018-08-06,https://www.yalayi.com/gallery/76.html,兰兰
